{"centre_lat": 21.62721407771475, "min_lat": 18.095210399999996, "max_lon": 43.6674957, "centre_lon": 41.20853926373075, "parts": 237, "max_lat": 23.9719429, "min_lon": 38.6597669}